{
	"id": "1cd910ea-4a60-4aea-89ef-196405d59cbd",
	"name": "BANKING_CORE_MICROSERVICES_PROJECT",
	"values": [
		{
			"key": "api_gateway_host",
			"value": "http://localhost:8082",
			"enabled": true
		},
		{
			"key": "keycloack_host",
			"value": "http://localhost:8080",
			"enabled": true
		},
		{
			"key": "keycloack_client_id",
			"value": "internet-banking-core-client",
			"enabled": true
		},
		{
			"key": "keycloack_client_secret",
			"value": "0efd3e37-258e-4488-96ae-1dfe34679c9d",
			"enabled": true
		},
		{
			"key": "keycloack_realm",
			"value": "javatodev-internet-banking",
			"enabled": true
		}
	],
	"_postman_variable_scope": "environment",
	"_postman_exported_at": "2021-05-17T19:10:55.753Z",
	"_postman_exported_using": "Postman/8.4.0"
}